Stop Name,Entry Allowed,Entrance Type,Daytime Routes,Exit Allowed,Entrance Latitude,Entrance Longitude
Roosevelt Island,YES,Station House,F,YES,40.7590185,-73.9534576
Lexington Av/63 St,YES,Easement - Street,F Q,YES,40.7649678,-73.9666793
Lexington Av/63 St,YES,Stair,F Q,YES,40.7647383,-73.9665531
Lexington Av/63 St,YES,Easement - Street,F Q,YES,40.764896,-73.966426
Lexington Av/63 St,YES,Stair,F Q,YES,40.7641013,-73.9650414
Lexington Av/63 St,YES,Elevator,F Q,YES,40.7642064,-73.9649728
Lexington Av/63 St,YES,Easement - Street,F Q,YES,40.7638652,-73.964516
Lexington Av/63 St,YES,Stair,F Q,YES,40.7641673,-73.9645234
57 St,YES,Stair,F,YES,40.7634853,-73.9779774
57 St,YES,Stair,F,YES,40.7633797,-73.9777271
57 St,YES,Stair,F,YES,40.7638466,-73.977723
57 St,YES,Stair,F,YES,40.764223,-73.977439
57 St,YES,Stair,F,YES,40.763903,-73.977348
57 St,YES,Stair,F,YES,40.7640108,-73.9772741
57 St,YES,Stair,F,YES,40.7646549,-73.9771234
57 St,YES,Stair,F,YES,40.7645565,-73.9768746
47-50 Sts-Rockefeller Ctr,YES,Stair,B D F M,YES,40.7580251,-73.9821103
47-50 Sts-Rockefeller Ctr,YES,Stair,B D F M,YES,40.7578149,-73.9817936
47-50 Sts-Rockefeller Ctr,YES,Easement - Street,B D F M,YES,40.7586676,-73.9816419
47-50 Sts-Rockefeller Ctr,YES,Stair,B D F M,YES,40.7578802,-73.9816131
47-50 Sts-Rockefeller Ctr,YES,Stair,B D F M,YES,40.7579787,-73.9815345
47-50 Sts-Rockefeller Ctr,YES,Easement - Street,B D F M,YES,40.7590434,-73.98132
47-50 Sts-Rockefeller Ctr,YES,Stair,B D F M,YES,40.75848,-73.98114
47-50 Sts-Rockefeller Ctr,YES,Elevator,B D F M,YES,40.759442,-73.981112
47-50 Sts-Rockefeller Ctr,YES,Stair,B D F M,YES,40.7586206,-73.9810724
47-50 Sts-Rockefeller Ctr,YES,Easement - Street,B D F M,YES,40.7594551,-73.9810633
47-50 Sts-Rockefeller Ctr,YES,Easement - Street,B D F M,YES,40.7590201,-73.9808688
47-50 Sts-Rockefeller Ctr,YES,Easement - Street,B D F M,YES,40.7599252,-73.9807323
47-50 Sts-Rockefeller Ctr,YES,Easement - Street,B D F M,YES,40.7593732,-73.980623
47-50 Sts-Rockefeller Ctr,YES,Easement - Street,B D F M,YES,40.7601466,-73.9804899
47-50 Sts-Rockefeller Ctr,YES,Easement - Street,B D F M,YES,40.7600375,-73.9801239
47-50 Sts-Rockefeller Ctr,YES,Easement - Passage,B D F M,YES,40.7578742,-73.9820852
47-50 Sts-Rockefeller Ctr,YES,Easement - Passage,B D F M,YES,40.7583667,-73.9818694
47-50 Sts-Rockefeller Ctr,YES,Easement - Passage,B D F M,YES,40.7588352,-73.9807921
47-50 Sts-Rockefeller Ctr,YES,Easement - Passage,B D F M,YES,40.7585566,-73.9817222
47-50 Sts-Rockefeller Ctr,YES,Easement - Passage,B D F M,YES,40.7596484,-73.9809099
47-50 Sts-Rockefeller Ctr,YES,Easement - Passage,B D F M,YES,40.760109,-73.980582
47-50 Sts-Rockefeller Ctr,YES,Easement - Passage,B D F M,YES,40.7593998,-73.9803382
47-50 Sts-Rockefeller Ctr,YES,Easement - Passage,B D F M,YES,40.7592389,-73.981182
42 St-Bryant Pk/5 Av,YES,Easement - Street,7 B D F M,YES,40.7537136,-73.985193
42 St-Bryant Pk/5 Av,YES,Stair,7 B D F M,YES,40.7533955,-73.9848446
42 St-Bryant Pk/5 Av,YES,Stair,7 B D F M,YES,40.7535053,-73.9847341
42 St-Bryant Pk/5 Av,YES,Easement - Street,7 B D F M,YES,40.7549381,-73.9846882
42 St-Bryant Pk/5 Av,YES,Stair,7 B D F M,YES,40.7550511,-73.9841897
42 St-Bryant Pk/5 Av,YES,Stair,7 B D F M,YES,40.7552322,-73.9840526
42 St-Bryant Pk/5 Av,YES,Stair,7 B D F M,YES,40.7545962,-73.9838771
42 St-Bryant Pk/5 Av,YES,Stair,7 B D F M,YES,40.7550226,-73.9837875
42 St-Bryant Pk/5 Av,YES,Easement - Street,7 B D F M,YES,40.7531465,-73.9855491
42 St-Bryant Pk/5 Av,YES,Easement - Street,7 B D F M,YES,40.7531005,-73.9856594
42 St-Bryant Pk/5 Av,YES,Elevator,7 B D F M,YES,40.7551429,-73.9841152
34 St-Herald Sq,YES,Easement - Street,B D F M N Q R W,YES,40.74875,-73.9887643
34 St-Herald Sq,YES,Easement - Street,B D F M N Q R W,YES,40.7489087,-73.9886438
34 St-Herald Sq,YES,Stair,B D F M N Q R W,YES,40.7498382,-73.9881986
34 St-Herald Sq,YES,Elevator,B D F M N Q R W,YES,40.749625,-73.9881642
34 St-Herald Sq,YES,Stair,B D F M N Q R W,YES,40.7500954,-73.9881516
34 St-Herald Sq,YES,Stair,B D F M N Q R W,YES,40.75089,-73.9881058
34 St-Herald Sq,YES,Stair,B D F M N Q R W,YES,40.7507006,-73.9880439
34 St-Herald Sq,YES,Stair,B D F M N Q R W,YES,40.750665,-73.9873465
34 St-Herald Sq,YES,Stair,B D F M N Q R W,YES,40.7502992,-73.9870932
34 St-Herald Sq,YES,Stair,B D F M N Q R W,YES,40.7504148,-73.9869775
34 St-Herald Square,YES,Easement - Passage,B D F M N Q R W,YES,40.748851,-73.988718
23 St,YES,Stair,F M,YES,40.7429882,-73.9932331
23 St,YES,Stair,F M,YES,40.7431327,-73.9931221
23 St,YES,Stair,F M,YES,40.7429076,-73.9930407
23 St,YES,Stair,F M,YES,40.7430566,-73.9929343
23 St,YES,Stair,F M,YES,40.7427557,-73.9926758
23 St,YES,Stair,F M,YES,40.7429067,-73.9925842
23 St,YES,Stair,F M,YES,40.7426666,-73.9924656
23 St,YES,Stair,F M,YES,40.7428161,-73.9923624
14 St/6 Av,YES,Stair,1 2 3 L F M,YES,40.7374199,-73.9971973
14 St/6 Av,YES,Stair,1 2 3 L F M,YES,40.7375639,-73.9970916
14 St/6 Av,YES,Stair,1 2 3 L F M,YES,40.7373646,-73.9970658
14 St/6 Av,YES,Stair,1 2 3 L F M,YES,40.7375147,-73.9969619
14 St/6 Av,YES,Elevator,1 2 3 L F M,YES,40.7373522,-73.9965383
14 St/6 Av,YES,Stair,1 2 3 L F M,YES,40.7372847,-73.9964203
14 St/6 Av,YES,Stair,1 2 3 L F M,YES,40.7387078,-73.9961093
14 St/6 Av,YES,Stair,1 2 3 L F M,YES,40.738836,-73.9960133
14 St/6 Av,YES,Stair,1 2 3 L F M,YES,40.7385661,-73.9957692
14 St/6 Av,YES,Stair,1 2 3 L F M,YES,40.7386847,-73.9956583
Broadway-Lafayette St/Bleecker St,YES,Stair,6 B D F M,YES,40.7252073,-73.9965618
Broadway-Lafayette St/Bleecker St,YES,Easement - Street,6 B D F M,YES,40.7255227,-73.9963556
Broadway-Lafayette St/Bleecker St,YES,Stair,6 B D F M,YES,40.7250257,-73.9957848
Broadway-Lafayette St/Bleecker St,YES,Stair,6 B D F M,YES,40.7253547,-73.9956173
Broadway-Lafayette St/Bleecker St,YES,Stair,6 B D F M,YES,40.7249867,-73.9956115
Broadway-Lafayette St/Bleecker St,YES,Elevator,6 B D F M,YES,40.7253157,-73.9954983
Grand St,YES,Stair,B D,YES,40.7183694,-73.9938821
Grand St,YES,Stair,B D,YES,40.7181896,-73.9935609
Grand St,YES,Stair,B D,YES,40.718155,-73.993452
2 Av,YES,Stair,F,YES,40.723682,-73.9916677
2 Av,YES,Stair,F,YES,40.7239689,-73.9912799
2 Av,YES,Stair,F,YES,40.7227919,-73.9889701
2 Av,YES,Stair,F,YES,40.7232077,-73.9888803
Delancey St-Essex St,YES,Stair,F M J Z,YES,40.7183827,-73.9884421
Delancey St-Essex St,YES,Stair,F M J Z,YES,40.7181166,-73.9882986
Delancey St-Essex St,YES,Stair,F M J Z,YES,40.7187876,-73.9882306
Delancey St-Essex St,YES,Stair,F M J Z,YES,40.7189431,-73.9878719
Delancey St-Essex St,NO,Easement - Street,F M J Z,YES,40.7181556,-73.9882593
Delancey St-Essex St,NO,Easement - Street,F M J Z,YES,40.7189985,-73.987826
East Broadway,YES,Stair,F,YES,40.7142366,-73.9903537
East Broadway,YES,Stair,F,YES,40.7127305,-73.9902171
East Broadway,YES,Stair,F,YES,40.713885,-73.9900148
East Broadway,YES,Stair,F,YES,40.7144001,-73.9899
Inwood-207 St,YES,Stair,A,YES,40.8678352,-73.9214448
Inwood-207 St,YES,Stair,A,YES,40.8675148,-73.9213476
Inwood-207 St,YES,Elevator,A,YES,40.867892,-73.921234
Inwood-207 St,YES,Stair,A,YES,40.8676606,-73.9209393
Inwood-207 St,YES,Stair,A,YES,40.8682937,-73.9196148
Inwood-207 St,YES,Stair,A,YES,40.8680441,-73.9192915
Dyckman St,YES,Stair,A,YES,40.865367,-73.9280766
Dyckman St,NO,Stair,A,YES,40.8652721,-73.9274779
Dyckman St,YES,Easement - Street,A,YES,40.8658077,-73.9273508
Dyckman St,NO,Stair,A,YES,40.8652071,-73.9272452
Dyckman St,YES,Easement - Street,A,YES,40.8657641,-73.9270702
Dyckman St,NO,Stair,A,YES,40.8654582,-73.9270362
Dyckman St,NO,Stair,A,YES,40.8653515,-73.9269725
190 St,YES,Stair,A,YES,40.858902,-73.9342217
190 St,YES,Station House,A,YES,40.858899,-73.932702
181 St,YES,Stair,A,YES,40.8508848,-73.9385335
181 St,YES,Stair,A,YES,40.8507955,-73.9384747
181 St,YES,Stair,A,YES,40.8506956,-73.9382451
181 St,YES,Stair,A,YES,40.8507602,-73.9380902
181 St,YES,Station House,A,YES,40.852759,-73.936636
181 St,YES,Station House,A,YES,40.8529297,-73.9374299
175 St,YES,Stair,A,YES,40.8463795,-73.9402964
175 St,YES,Stair,A,YES,40.8464212,-73.9398567
175 St,YES,Stair,A,YES,40.8478249,-73.939798
175 St,YES,Stair,A,YES,40.8479603,-73.9396895
175 St,YES,Stair,A,YES,40.8480045,-73.939575
175 St,YES,Elevator,A,YES,40.8479668,-73.9393756
175 St,YES,Stair,A,YES,40.8478741,-73.9392845
175 St,YES,Easement - Passage,A,YES,40.8481362,-73.9393681
168 St-Washington Hts,YES,Stair,1 A C,YES,40.8418738,-73.939572
168 St-Washington Hts,YES,Stair,1 A C,YES,40.8419367,-73.9394614
168 St-Washington Hts,YES,Stair,1 A C,YES,40.8407547,-73.9392446
168 St-Washington Hts,YES,Stair,1 A C,YES,40.8417771,-73.9390663
168 St-Washington Hts,YES,Elevator,1 A C,YES,40.8407386,-73.9394342
163 St-Amsterdam Av,YES,Stair,C,YES,40.835192,-73.940146
163 St-Amsterdam Av,YES,Easement - Street,C,YES,40.8358559,-73.9400923
163 St-Amsterdam Av,YES,Stair,C,YES,40.835291,-73.9396266
155 St,YES,Stair,C,YES,40.830875,-73.9416528
155 St,YES,Stair,C,YES,40.8307797,-73.9415935
155 St,YES,Stair,C,YES,40.8311232,-73.9415596
155 St,YES,Stair,C,YES,40.8311566,-73.9414537
155 St,YES,Stair,C,YES,40.8310439,-73.9411527
155 St,YES,Stair,C,YES,40.8309304,-73.9411061
135 St,YES,Stair,C B,YES,40.8171366,-73.948229
135 St,YES,Stair,C B,YES,40.8168892,-73.9479548
135 St,YES,Stair,C B,YES,40.8169097,-73.9478184
135 St,YES,Stair,C B,YES,40.8172018,-73.9476887
135 St,YES,Stair,C B,YES,40.8185182,-73.9475789
135 St,YES,Stair,C B,YES,40.8183718,-73.947201
125 St,YES,Stair,A C B D,YES,40.8106533,-73.9528842
125 St,YES,Stair,A C B D,YES,40.8110144,-73.952615
125 St,YES,Stair,A C B D,YES,40.8105235,-73.9525916
125 St,YES,Stair,A C B D,YES,40.8108896,-73.9523308
125 St,YES,Stair,A C B D,YES,40.812002,-73.9517467
125 St,YES,Stair,A C B D,YES,40.8118703,-73.9513473
125 St,YES,Elevator,A C B D,YES,40.8107815,-73.9528525
116 St,YES,Stair,C B,YES,40.80433,-73.9556383
116 St,YES,Stair,C B,YES,40.8046561,-73.9555601
116 St,YES,Stair,C B,YES,40.8041847,-73.9551335
116 St,YES,Stair,C B,YES,40.8044406,-73.9550429
Cathedral Pkwy (110 St),YES,Stair,C B,YES,40.8000144,-73.9588852
Cathedral Pkwy (110 St),YES,Stair,C B,YES,40.8008738,-73.9584206
Cathedral Pkwy (110 St),YES,Stair,C B,YES,40.8000042,-73.9584074
103 St,YES,Stair,C B,YES,40.7962977,-73.9616715
96 St,YES,Stair,C B,YES,40.7916384,-73.9649398
96 St,YES,Stair,C B,YES,40.7922926,-73.9644275
96 St,YES,Stair,C B,YES,40.7926081,-73.9643213
86 St,YES,Stair,C B,YES,40.7852968,-73.969672
86 St,YES,Stair,C B,YES,40.78521,-73.9695929
86 St,YES,Stair,C B,YES,40.7855033,-73.9694622
86 St,YES,Stair,C B,YES,40.7861364,-73.9690231
86 St,YES,Stair,C B,YES,40.7867828,-73.9684492
81 St-Museum of Natural History,YES,Stair,C B,YES,40.7803452,-73.9731888
81 St-Museum of Natural History,YES,Easement - Passage,C B,YES,40.7808674,-73.9728943
81 St-Museum of Natural History,YES,Stair,C B,YES,40.7819909,-73.972034
81 St-Museum of Natural History,YES,Stair,C B,YES,40.782254,-73.971741
72 St,YES,Stair,C B,YES,40.7749488,-73.9771817
72 St,YES,Stair,C B,YES,40.7762139,-73.976297
72 St,YES,Stair,C B,YES,40.7764555,-73.975976
59 St-Columbus Circle,YES,Easement - Street,1 A C B D,YES,40.7667708,-73.9833664
59 St-Columbus Circle,YES,Easement - Street,1 A C B D,YES,40.7664984,-73.9832643
59 St-Columbus Circle,YES,Easement - Street,1 A C B D,YES,40.7669768,-73.9829544
59 St-Columbus Circle,YES,Easement - Street,1 A C B D,YES,40.7664893,-73.9826848
59 St-Columbus Circle,YES,Stair,1 A C B D,YES,40.7667421,-73.9825714
59 St-Columbus Circle,YES,Easement - Street,1 A C B D,YES,40.7677166,-73.9827407
59 St-Columbus Circle,YES,Easement - Street,1 A C B D,YES,40.7677979,-73.9825917
59 St-Columbus Circle,YES,Elevator,1 A C B D,YES,40.7676894,-73.982496
59 St-Columbus Circle,YES,Stair,1 A C B D,YES,40.7673965,-73.9821741
59 St-Columbus Circle,YES,Stair,1 A C B D,YES,40.7687301,-73.9817917
59 St-Columbus Circle,YES,Stair,1 A C B D,YES,40.7686784,-73.9811728
59 St-Columbus Circle,YES,Elevator,1 A C B D,YES,40.768695,-73.98159
50 St,YES,Stair,C E,YES,40.7617615,-73.9869788
50 St,YES,Easement - Street,C E,YES,40.7618796,-73.9868361
50 St,YES,Stair,C E,YES,40.7616972,-73.986825
50 St,YES,Easement - Street,C E,YES,40.762367,-73.9864705
50 St,YES,Easement - Street,C E,YES,40.7624623,-73.9862793
50 St,YES,Stair,C E,YES,40.7621301,-73.9859331
50 St,YES,Stair,C E,YES,40.762258,-73.9858519
50 St,YES,Stair,C E,YES,40.7629145,-73.9854329
50 St,YES,Easement - Street,C E,YES,40.7616592,-73.9843289
Times Sq-42 St/Port Authority Bus Terminal,YES,Easement - Street,1 2 3 7 A C E N Q R W S,YES,40.7559971,-73.9910421
Times Sq-42 St/Port Authority Bus Terminal,YES,Stair,1 2 3 7 A C E N Q R W S,YES,40.7561151,-73.9909193
Times Sq-42 St/Port Authority Bus Terminal,YES,Stair,1 2 3 7 A C E N Q R W S,YES,40.7558064,-73.9905611
Times Sq-42 St/Port Authority Bus Terminal,YES,Stair,1 2 3 7 A C E N Q R W S,YES,40.757474,-73.9900143
Times Sq-42 St/Port Authority Bus Terminal,YES,Stair,1 2 3 7 A C E N Q R W S,YES,40.7579453,-73.9895696
Times Sq-42 St/Port Authority Bus Terminal,YES,Easement - Street,1 2 3 7 A C E N Q R W S,YES,40.7574339,-73.9894533
Times Sq-42 St/Port Authority Bus Terminal,YES,Easement - Street,1 2 3 7 A C E N Q R W S,YES,40.7585808,-73.9891597
Times Sq-42 St/Port Authority Bus Terminal,YES,Stair,1 2 3 7 A C E N Q R W S,YES,40.758386,-73.9886758
Times Sq-42 St/Port Authority Bus Terminal,YES,Stair,1 2 3 7 A C E N Q R W S,YES,40.7586951,-73.9890158
Times Sq-42 St/Port Authority Bus Terminal,YES,Easement - Passage,1 2 3 7 A C E N Q R W S,YES,40.7563491,-73.9906315
Times Sq-42 St/Port Authority Bus Terminal,YES,Easement - Passage,1 2 3 7 A C E N Q R W S,YES,40.7569444,-73.9901997
34 St-Penn Station,YES,Stair,A C E,YES,40.7517496,-73.9942753
34 St-Penn Station,YES,Stair,A C E,YES,40.7515212,-73.9942373
34 St-Penn Station,YES,Stair,A C E,YES,40.751281,-73.9939183
34 St-Penn Station,YES,Stair,A C E,YES,40.7522195,-73.9938635
34 St-Penn Station,YES,Stair,A C E,YES,40.7524423,-73.9936995
34 St-Penn Station,YES,Stair,A C E,YES,40.7514264,-73.9935073
34 St-Penn Station,YES,Stair,A C E,YES,40.7529333,-73.9933463
34 St-Penn Station,YES,Elevator,A C E,YES,40.7520165,-73.9933356
34 St-Penn Station,YES,Stair,A C E,YES,40.7530677,-73.9932666
34 St-Penn Station,YES,Stair,A C E,YES,40.7519575,-73.9932163
34 St-Penn Station,YES,Stair,A C E,YES,40.7530103,-73.9931291
34 St-Penn Station,YES,Stair,A C E,YES,40.7521806,-73.9930803
34 St-Penn Station,YES,Stair,A C E,YES,40.7527203,-73.992839
34 St-Penn Station,YES,Stair,A C E,YES,40.7528575,-73.9927606
34 St-Penn Station,YES,Stair,A C E,YES,40.7528022,-73.9926229
34 St-Penn Station,YES,Easement - Passage,A C E,YES,40.7515869,-73.9938673
34 St-Penn Station,YES,Easement - Passage,A C E,YES,40.7513819,-73.993664
23 St,YES,Stair,C E,YES,40.7452647,-73.9987538
23 St,YES,Stair,C E,YES,40.7455254,-73.9986724
23 St,YES,Stair,C E,YES,40.7451194,-73.9984005
23 St,NO,Stair,C E,YES,40.7461243,-73.9981866
23 St,YES,Stair,C E,YES,40.7452896,-73.9981389
23 St,NO,Stair,C E,YES,40.7458188,-73.9978378
23 St,YES,Stair,C E,YES,40.7465992,-73.9977858
23 St,YES,Stair,C E,YES,40.7467263,-73.9976859
23 St,YES,Stair,C E,YES,40.7464485,-73.997426
23 St,YES,Stair,C E,YES,40.7465766,-73.9973307
23 St,YES,Stair,C E,YES,40.7465177,-73.9971926
14 St/8 Av,YES,Stair,A C E L,YES,40.7399648,-74.0026775
14 St/8 Av,YES,Stair,A C E L,YES,40.7397744,-74.0022228
14 St/8 Av,YES,Stair,A C E L,YES,40.740613,-74.0022132
14 St/8 Av,YES,Easement - Passage,A C E L,YES,40.7409998,-74.0018465
14 St/8 Av,YES,Stair,A C E L,YES,40.740423,-74.0017648
14 St/8 Av,YES,Stair,A C E L,YES,40.7412488,-74.001743
14 St/8 Av,YES,Stair,A C E L,YES,40.7409261,-74.0013738
14 St/8 Av,YES,Stair,A C E L,YES,40.7410587,-74.0012814
14 St/8 Av,YES,Elevator,A C E L,YES,40.7399468,-74.0027236
Spring St,YES,Stair,C E,YES,40.7256308,-74.0043768
Spring St,YES,Stair,C E,YES,40.726208,-74.004033
Spring St,YES,Easement - Street,C E,YES,40.7255428,-74.0037502
Canal St,YES,Stair,A C E,YES,40.7216563,-74.0056651
Canal St,YES,Stair,A C E,YES,40.720758,-74.005399
Canal St,YES,Stair,A C E,YES,40.7219301,-74.0050459
Canal St,YES,Stair,A C E,YES,40.7198613,-74.0050282
Canal St,YES,Stair,A C E,YES,40.7206887,-74.0050041
Canal St,YES,Easement - Passage,A C E,YES,40.7200419,-74.0049774
Chambers St/WTC/Park Place/Cortlandt St,YES,Stair,2 3 A C E R W,YES,40.7137352,-74.0090664
Chambers St/WTC/Park Place/Cortlandt St,YES,Stair,2 3 A C E R W,YES,40.7139627,-74.0089871
Chambers St/WTC/Park Place/Cortlandt St,YES,Stair,2 3 A C E R W,YES,40.7143032,-74.0086227
Chambers St/WTC/Park Place/Cortlandt St,YES,Stair,2 3 A C E R W,YES,40.7145589,-74.0084198
Chambers St/WTC/Park Place/Cortlandt St,NO,Stair,2 3 A C E R W,YES,40.7141841,-74.0083703
Chambers St/WTC/Park Place/Cortlandt St,YES,Stair,2 3 A C E R W,YES,40.7148711,-74.0081736
Chambers St/WTC/Park Place/Cortlandt St,YES,Stair,2 3 A C E R W,YES,40.7151176,-74.0079793
Chambers St/WTC/Park Place/Cortlandt St,YES,Stair,2 3 A C E R W,YES,40.714777,-74.0078979
Chambers St/WTC/Park Place/Cortlandt St,YES,Stair,2 3 A C E R W,YES,40.7150278,-74.0077012
Chambers St/WTC/Park Place/Cortlandt St,YES,Stair,2 3 A C E R W,YES,40.712274,-74.0103503
Chambers St/WTC/Park Place/Cortlandt St,YES,Stair,2 3 A C E R W,YES,40.7116944,-74.01022
Chambers St/WTC/Park Place/Cortlandt St,YES,Stair,2 3 A C E R W,YES,40.7118238,-74.0101552
Chambers St/WTC/Park Place/Cortlandt St,YES,Stair,2 3 A C E R W,YES,40.7126643,-74.0099108
Chambers St/WTC/Park Place/Cortlandt St,YES,Stair,2 3 A C E R W,YES,40.7133097,-74.0095541
Chambers St/WTC/Park Place/Cortlandt St,YES,Stair,2 3 A C E R W,YES,40.7134261,-74.0093068
Chambers St/WTC/Park Place/Cortlandt St,YES,Stair,2 3 A C E R W,YES,40.7130591,-74.0090286
Chambers St/WTC/Park Place/Cortlandt St,YES,Stair,2 3 A C E R W,YES,40.7133621,-74.0090139
Chambers St/WTC/Park Place/Cortlandt St,YES,Elevator,2 3 A C E R W,YES,40.7130961,-74.0091147
Chambers St/WTC/Park Place/Cortlandt St,YES,Easement - Passage,2 3 A C E R W,YES,40.7116329,-74.0106471
Chambers St/WTC/Park Place/Cortlandt St,YES,Easement - Passage,2 3 A C E R W,YES,40.7119688,-74.0105123
W 4 St-Wash Sq,YES,Stair,A C E B D F M,YES,40.7310974,-74.0015985
W 4 St-Wash Sq,YES,Elevator,A C E B D F M,YES,40.7311149,-74.0012226
W 4 St-Wash Sq,YES,Stair,A C E B D F M,YES,40.7311107,-74.0011646
W 4 St-Wash Sq,YES,Stair,A C E B D F M,YES,40.7330975,-74.0002409
W 4 St-Wash Sq,YES,Easement - Street,A C E B D F M,YES,40.7330089,-73.9998114
W 4 St-Wash Sq,YES,Easement - Street,A C E B D F M,YES,40.7331807,-73.9996918
145 St,YES,Stair,A C B D,YES,40.8239303,-73.9450243
145 St,YES,Stair,A C B D,YES,40.824244,-73.944931
145 St,YES,Stair,A C B D,YES,40.823804,-73.9447385
145 St,YES,Stair,A C B D,YES,40.8240409,-73.9444173
145 St,YES,Easement - Street,A C B D,YES,40.825652,-73.9438059
145 St,YES,Stair,A C B D,YES,40.8255977,-73.9434494
Lexington Av/59 St,YES,Stair,4 5 6 N R W,YES,40.7620908,-73.9663577
Lexington Av/59 St,YES,Stair,4 5 6 N R W,YES,40.7623847,-73.9661407
Lexington Av/59 St,YES,Stair,4 5 6 N R W,YES,40.7619934,-73.9661181
Lexington Av/59 St,YES,Stair,4 5 6 N R W,YES,40.762282,-73.9659085
5 Av/59 St,YES,Stair,N R W,YES,40.7651969,-73.9747154
5 Av/59 St,YES,Easement - Street,N R W,YES,40.7648951,-73.9747024
5 Av/59 St,YES,Stair,N R W,YES,40.7651096,-73.9744829
5 Av/59 St,YES,Stair,N R W,YES,40.7653602,-73.9724734
5 Av/59 St,YES,Stair,N R W,YES,40.7647645,-73.9724467
5 Av/59 St,YES,Stair,N R W,YES,40.7647033,-73.9723011
5 Av/59 St,YES,Stair,N R W,YES,40.7648261,-73.9721997
Canal St,YES,Stair,6 J Z N Q R W,YES,40.7194985,-74.0022722
Canal St,YES,Stair,6 J Z N Q R W,YES,40.7194186,-74.002157
Canal St,YES,Stair,6 J Z N Q R W,YES,40.7196643,-74.0020178
Canal St,YES,Stair,6 J Z N Q R W,YES,40.719587,-74.0019079
Canal St,YES,Stair,6 J Z N Q R W,YES,40.7191996,-74.0018441
Canal St,YES,Stair,6 J Z N Q R W,YES,40.7191509,-74.0017816
Canal St,YES,Easement - Street,6 J Z N Q R W,YES,40.7195185,-74.0016183
City Hall,YES,Stair,R W,YES,40.7131236,-74.0070415
City Hall,YES,Stair,R W,YES,40.7134659,-74.0067485
City Hall,YES,Stair,R W,YES,40.7135017,-74.0067238
Chambers St/WTC/Park Place/Cortlandt St,YES,Easement - Street,2 3 A C E R W,YES,40.7101434,-74.0111427
Chambers St/WTC/Park Place/Cortlandt St,YES,Stair,2 3 A C E R W,YES,40.710424,-74.0110847
Chambers St/WTC/Park Place/Cortlandt St,YES,Stair,2 3 A C E R W,YES,40.7109036,-74.0107616
Chambers St/WTC/Park Place/Cortlandt St,YES,Stair,2 3 A C E R W,YES,40.7111261,-74.0106162
Chambers St/WTC/Park Place/Cortlandt St,YES,Station House,2 3 A C E R W,YES,40.710165,-74.009182
Chambers St/WTC/Park Place/Cortlandt St,YES,Easement - Street,2 3 A C E R W,YES,40.7097799,-74.0102942
Chambers St/WTC/Park Place/Cortlandt St,YES,Station House,2 3 A C E R W,YES,40.7104593,-74.0092735
Chambers St/WTC/Park Place/Cortlandt St,YES,Station House,2 3 A C E R W,YES,40.7107493,-74.0090283
Chambers St/WTC/Park Place/Cortlandt St,YES,Station House,2 3 A C E R W,YES,40.7107448,-74.0089504
Chambers St/WTC/Park Place/Cortlandt St,YES,Station House,2 3 A C E R W,YES,40.71056,-74.0085957
Rector St,YES,Stair,R W,YES,40.7063426,-74.014018
Rector St,NO,Stair,R W,YES,40.7074289,-74.0133042
Rector St,YES,Stair,R W,YES,40.7075497,-74.01322
Rector St,YES,Stair,R W,YES,40.7076697,-74.0131438
Rector St,YES,Stair,R W,YES,40.7078965,-74.0129911
Rector St,YES,Stair,R W,YES,40.707609,-74.0129818
Rector St,YES,Stair,R W,YES,40.7080998,-74.0128571
Rector St,YES,Stair,R W,YES,40.7078334,-74.0128311
Rector St,YES,Stair,R W,YES,40.7080408,-74.0126888
Whitehall St-South Ferry,YES,Stair,1 R W,YES,40.7041502,-74.0133314
Whitehall St-South Ferry,YES,Stair,1 R W,YES,40.7039956,-74.0133066
Whitehall St-South Ferry,YES,Stair,1 R W,YES,40.7041181,-74.0129829
Whitehall St-South Ferry,YES,Stair,1 R W,YES,40.7021206,-74.0126457
Whitehall St-South Ferry,YES,Stair/Escalator,1 R W,YES,40.7016764,-74.0129619
Whitehall St-South Ferry,YES,Stair,1 R W,YES,40.7019334,-74.0125934
Marble Hill-225 St,YES,Stair,1,YES,40.8744658,-73.910563
Marble Hill-225 St,YES,Stair,1,YES,40.8743203,-73.9098032
215 St,YES,Stair,1,YES,40.869428,-73.9154543
215 St,YES,Stair,1,YES,40.8693302,-73.9152315
215 St,YES,Stair,1,YES,40.8697981,-73.915179
215 St,NO,Stair,1,YES,40.8697076,-73.9149548
207 St,YES,Stair,1,YES,40.8642822,-73.9192293
207 St,YES,Stair,1,YES,40.8642605,-73.9189461
207 St,YES,Stair,1,YES,40.8647513,-73.9188745
207 St,YES,Stair,1,YES,40.8646144,-73.9186888
Dyckman St,YES,Station House,1,YES,40.8611391,-73.9251315
191 St,YES,Station House,1,YES,40.856413,-73.932605
191 St,YES,Station House,1,YES,40.855374,-73.929536
181 St,YES,Stair,1,YES,40.8491054,-73.9337519
181 St,YES,Easement - Street,1,YES,40.8495727,-73.933351
168 St-Washington Hts,YES,Stair,1 A C,YES,40.8408691,-73.9402106
168 St-Washington Hts,YES,Stair,1 A C,YES,40.8410336,-73.9400969
168 St-Washington Hts,YES,Stair,1 A C,YES,40.8407262,-73.9397252
157 St,YES,Stair,1,YES,40.8342854,-73.9451903
157 St,YES,Stair,1,YES,40.8342392,-73.9450726
157 St,YES,Stair,1,YES,40.8338535,-73.9447553
157 St,YES,Stair,1,YES,40.8338703,-73.9445935
145 St,YES,Stair,1,YES,40.8266705,-73.9505231
145 St,YES,Stair,1,YES,40.8262103,-73.9503932
145 St,YES,Stair,1,YES,40.8265309,-73.9501591
137 St-City College,YES,Stair,1,YES,40.8213608,-73.9544144
137 St-City College,YES,Stair,1,YES,40.8215954,-73.9542336
137 St-City College,YES,Stair,1,YES,40.8213989,-73.9539105
137 St-City College,YES,Stair,1,YES,40.8214651,-73.9538617
125 St,YES,Escalator,1,YES,40.8153339,-73.9588257
125 St,YES,Escalator,1,YES,40.8157388,-73.9585275
125 St,YES,Escalator,1,YES,40.8151608,-73.9584439
125 St,YES,Stair,1,YES,40.8152606,-73.9583715
116 St-Columbia University,NO,Stair,1,YES,40.8075562,-73.9640135
116 St-Columbia University,YES,Stair,1,YES,40.8082656,-73.9639636
116 St-Columbia University,YES,Stair,1,YES,40.8084113,-73.9638543
116 St-Columbia University,YES,Stair,1,YES,40.8081156,-73.9636063
116 St-Columbia University,YES,Stair,1,YES,40.8082611,-73.9634977
Cathedral Pkwy (110 St),YES,Stair,1,YES,40.8044061,-73.966777
Cathedral Pkwy (110 St),YES,Stair,1,YES,40.8039646,-73.9666339
Cathedral Pkwy (110 St),YES,Stair,1,YES,40.8042714,-73.966413
103 St,YES,Stair,1,YES,40.7992939,-73.9686826
103 St,YES,Stair,1,YES,40.7994274,-73.9686148
103 St,YES,Stair,1,YES,40.7991316,-73.9683278
103 St,YES,Stair,1,YES,40.7992499,-73.9682674
103 St,NO,Stair,1,YES,40.799598,-73.9680972
96 St,YES,Stair,1 2 3,YES,40.793077,-73.9731789
96 St,YES,Stair,1 2 3,YES,40.7932219,-73.9730778
96 St,YES,Stair,1 2 3,YES,40.7929331,-73.9728322
96 St,YES,Stair,1 2 3,YES,40.7930775,-73.9727315
96 St,YES,Station House,1 2 3,YES,40.7940752,-73.9722294
96 St,YES,Station House,1 2 3,YES,40.7943215,-73.9720456
86 St,YES,Stair,1,YES,40.7883789,-73.9768956
86 St,YES,Stair,1,YES,40.7885233,-73.9767421
86 St,YES,Easement - Street,1,YES,40.7890395,-73.9763287
86 St,YES,Stair,1,YES,40.7881232,-73.9762958
86 St,YES,Stair,1,YES,40.7882875,-73.9760838
79 St,YES,Stair,1,YES,40.7837622,-73.9802909
79 St,YES,Stair,1,YES,40.7840876,-73.980049
79 St,YES,Stair,1,YES,40.7836285,-73.9799341
79 St,YES,Stair,1,YES,40.7839996,-73.9796573
72 St,YES,Station House,1 2 3,YES,40.7784472,-73.9819528
72 St,YES,Station House,1 2 3,YES,40.77860001,-73.9819322
72 St,YES,Station House,1 2 3,YES,40.7788959,-73.9818868
72 St,YES,Station House,1 2 3,YES,40.7791489,-73.9818312
66 St-Lincoln Center,YES,Elevator,1,YES,40.7735889,-73.9820215
66 St-Lincoln Center,YES,Elevator,1,YES,40.7737597,-73.9824364
66 St-Lincoln Center,YES,Stair,1,YES,40.773829,-73.982433
66 St-Lincoln Center,YES,Stair,1,YES,40.7736414,-73.982431
66 St-Lincoln Center,YES,Stair,1,YES,40.7736961,-73.98202
66 St-Lincoln Center,YES,Stair,1,YES,40.7734779,-73.982018
66 St-Lincoln Center,YES,Stair,1,YES,40.7726185,-73.9825096
66 St-Lincoln Center,YES,Easement - Passage,1,YES,40.772741,-73.9825462
59 St-Columbus Circle,YES,Stair,1 A C B D,YES,40.7693477,-73.9823068
59 St-Columbus Circle,YES,Stair,1 A C B D,YES,40.7692671,-73.9823068
59 St-Columbus Circle,YES,Stair,1 A C B D,YES,40.7688277,-73.9821169
59 St-Columbus Circle,YES,Stair,1 A C B D,YES,40.7676644,-73.9814388
59 St-Columbus Circle,YES,Stair,1 A C B D,YES,40.7676504,-73.9812302
59 St-Columbus Circle,YES,Stair,1 A C B D,YES,40.7685822,-73.982112
50 St,YES,Easement - Street,1,YES,40.7615236,-73.9844507
50 St,YES,Easement - Street,1,YES,40.7616592,-73.9843289
50 St,YES,Stair,1,YES,40.7612765,-73.9838216
50 St,YES,Stair,1,YES,40.761364,-73.9837605
50 St,YES,Easement - Street,1,YES,40.7611955,-73.9837075
50 St,YES,Stair,1,YES,40.761325,-73.9836631
Times Sq-42 St/Port Authority Bus Terminal,YES,Easement - Street,1 2 3 7 A C E N Q R W S,YES,40.754817,-73.9882354
Times Sq-42 St/Port Authority Bus Terminal,YES,Stair,1 2 3 7 A C E N Q R W S,YES,40.7546185,-73.9878092
Times Sq-42 St/Port Authority Bus Terminal,YES,Easement - Street,1 2 3 7 A C E N Q R W S,YES,40.7555721,-73.9876725
Times Sq-42 St/Port Authority Bus Terminal,YES,Easement - Street,1 2 3 7 A C E N Q R W S,YES,40.7561323,-73.9875149
Times Sq-42 St/Port Authority Bus Terminal,YES,Stair,1 2 3 7 A C E N Q R W S,YES,40.755248,-73.987362
Times Sq-42 St/Port Authority Bus Terminal,YES,Easement - Street,1 2 3 7 A C E N Q R W S,YES,40.7563493,-73.9872942
Times Sq-42 St/Port Authority Bus Terminal,YES,Stair,1 2 3 7 A C E N Q R W S,YES,40.7551794,-73.9871944
Times Sq-42 St/Port Authority Bus Terminal,YES,Easement - Street,1 2 3 7 A C E N Q R W S,YES,40.7558569,-73.9868078
Times Sq-42 St/Port Authority Bus Terminal,YES,Stair,1 2 3 7 A C E N Q R W S,YES,40.7555881,-73.9863448
Times Sq-42 St,YES,Easement - Street,1 2 3 7 A C E N Q R W S,YES,40.755862,-73.9869267
Times Sq-42 St,NO,Easement - Street,1 2 3 7 A C E N Q R W S,YES,40.7557938,-73.9869748
34 St-Penn Station,YES,Easement - Passage,1 2 3,YES,40.7498879,-73.9918114
34 St-Penn Station,YES,Easement - Street,1 2 3,YES,40.7505404,-73.9913529
34 St-Penn Station,YES,Easement - Street,1 2 3,YES,40.751066,-73.9911404
34 St-Penn Station,YES,Easement - Street,1 2 3,YES,40.7496113,-73.9910228
34 St-Penn Station,YES,Stair,1 2 3,YES,40.7509665,-73.9908876
34 St-Penn Station,YES,Stair,1 2 3,YES,40.7503272,-73.9908869
34 St-Penn Station,YES,Stair,1 2 3,YES,40.7512038,-73.9907529
34 St-Penn Station,YES,Easement - Street,1 2 3,YES,40.7500804,-73.9907021
34 St-Penn Station,YES,Easement - Street,1 2 3,YES,40.7507624,-73.9903986
34 St-Penn Station,YES,Stair,1 2 3,YES,40.751027,-73.9903473
34 St-Penn Station,YES,Easement - Passage,1 2 3,YES,40.7503288,-73.9914807
28 St,NO,Stair,1,YES,40.746787,-73.993955
28 St,YES,Stair,1,YES,40.7472595,-73.9935916
28 St,NO,Stair,1,YES,40.7466097,-73.9935733
28 St,YES,Stair,1,YES,40.7473836,-73.9934959
28 St,YES,Stair,1,YES,40.7470999,-73.9932219
28 St,YES,Stair,1,YES,40.7472356,-73.9931424
23 St,YES,Stair,1,YES,40.7440065,-73.9959143
23 St,YES,Stair,1,YES,40.7443252,-73.9958344
23 St,YES,Stair,1,YES,40.7438738,-73.9956323
23 St,YES,Stair,1,YES,40.7441139,-73.995324
18 St,YES,Stair,1,YES,40.7410753,-73.9980934
18 St,YES,Stair,1,YES,40.7412046,-73.9980115
18 St,YES,Stair,1,YES,40.7409199,-73.9977262
18 St,YES,Stair,1,YES,40.7410343,-73.9976084
18 St,NO,Stair,1,YES,40.7417984,-73.9975938
18 St,NO,Stair,1,YES,40.7416195,-73.997168
14 St/6 Av,YES,Stair,1 2 3 L F M,YES,40.7374025,-74.0008499
14 St/6 Av,YES,Stair,1 2 3 L F M,YES,40.7372034,-74.0003842
14 St/6 Av,NO,Stair,1 2 3 L F M,YES,40.7380271,-74.0003571
14 St/6 Av,YES,Stair,1 2 3 L F M,YES,40.7385531,-74.0000082
14 St/6 Av,NO,Stair,1 2 3 L F M,YES,40.7378432,-73.9999159
14 St/6 Av,YES,Stair,1 2 3 L F M,YES,40.7388022,-73.9997036
14 St/6 Av,YES,Stair,1 2 3 L F M,YES,40.7383157,-73.9996827
14 St/6 Av,YES,Stair,1 2 3 L F M,YES,40.7385817,-73.9993871
Christopher St-Stonewall,YES,Stair,1,YES,40.7335094,-74.0031819
Christopher St-Stonewall,YES,Stair,1,YES,40.7336325,-74.0031477
Christopher St-Stonewall,YES,Stair,1,YES,40.7334528,-74.0030886
Christopher St-Stonewall,YES,Stair,1,YES,40.7336571,-74.0029893
Christopher St-Stonewall,YES,Stair,1,YES,40.7334138,-74.0027719
Houston St,YES,Stair,1,YES,40.7278265,-74.0056485
Houston St,YES,Stair,1,YES,40.7279845,-74.0056278
Houston St,YES,Stair,1,YES,40.7285506,-74.0055379
Houston St,YES,Stair,1,YES,40.7287096,-74.0055131
Houston St,YES,Stair,1,YES,40.7277071,-74.0052881
Houston St,YES,Stair,1,YES,40.7280475,-74.0052406
Houston St,YES,Stair,1,YES,40.7284389,-74.0051786
Houston St,YES,Stair,1,YES,40.7286648,-74.0050498
Canal St,YES,Stair,1,YES,40.7229619,-74.0066299
Canal St,YES,Stair,1,YES,40.7228699,-74.0065011
Canal St,YES,Stair,1,YES,40.7225992,-74.0061226
Canal St,YES,Stair,1,YES,40.7224921,-74.0059728
Franklin St,YES,Stair,1,YES,40.7189487,-74.0071251
Franklin St,YES,Stair,1,YES,40.7192851,-74.0070645
Franklin St,NO,Stair,1,YES,40.7199854,-74.0069409
Franklin St,YES,Stair,1,YES,40.718981,-74.006687
Franklin St,NO,Stair,1,YES,40.7199469,-74.0066245
Chambers St,YES,Stair,1 2 3,YES,40.7155528,-74.0094938
Chambers St,YES,Stair,1 2 3,YES,40.7154451,-74.009467
Chambers St,YES,Stair,1 2 3,YES,40.7157126,-74.0093289
Chambers St,YES,Stair,1 2 3,YES,40.7153917,-74.0091988
Chambers St,YES,Stair,1 2 3,YES,40.7155616,-74.009076
Chambers St,YES,Elevator,1 2 3,YES,40.7158293,-74.009318
WTC Cortlandt,YES,Stair,1,YES,40.7110837,-74.0124731
WTC Cortlandt,YES,Stair,1,YES,40.7108341,-74.0125634
WTC Cortlandt,YES,Stair,1,YES,40.7126849,-74.0119518
WTC Cortlandt,YES,Stair,1,YES,40.7127566,-74.0119269
WTC Cortlandt,YES,Elevator,1,YES,40.7125321,-74.0120009
WTC Cortlandt,YES,Easement - Passage,1,YES,40.7118357,-74.0119771
WTC Cortlandt,YES,Easement - Passage,1,YES,40.7110514,-74.0121697
WTC Cortlandt,YES,Easement - Passage,1,YES,40.7116277,-74.012288
WTC Cortlandt,YES,Easement - Passage,1,YES,40.7120642,-74.0120408
Rector St,YES,Stair,1,YES,40.706493,-74.014319
Rector St,YES,Stair,1,YES,40.706527,-74.014144
Rector St,YES,Stair,1,YES,40.7066037,-74.0141117
Rector St,YES,Stair,1,YES,40.7075992,-74.0138384
Rector St,YES,Stair,1,YES,40.708224,-74.0135669
Rector St,YES,Stair,1,YES,40.7080393,-74.0134876
Whitehall St-South Ferry,YES,Escalator,1 R W,YES,40.701974,-74.0133104
Whitehall St-South Ferry,YES,Elevator,1 R W,YES,40.7018259,-74.0130024
Whitehall St-South Ferry,YES,Stair,1 R W,YES,40.7027994,-74.0145006
57 St-7 Av,YES,Stair,N Q R W,YES,40.7642779,-73.9812874
57 St-7 Av,YES,Stair,N Q R W,YES,40.7643974,-73.9811892
57 St-7 Av,YES,Stair,N Q R W,YES,40.7640707,-73.9808046
57 St-7 Av,YES,Stair,N Q R W,YES,40.7641775,-73.9806726
57 St-7 Av,YES,Stair,N Q R W,YES,40.7653672,-73.9803555
57 St-7 Av,YES,Stair,N Q R W,YES,40.7652809,-73.9800466
57 St-7 Av,YES,Stair,N Q R W,YES,40.7657965,-73.9800241
57 St-7 Av,YES,Stair,N Q R W,YES,40.7656338,-73.9797767
57 St-7 Av,YES,Elevator,N Q R W,YES,40.7641774,-73.9807454
57 St-7 Av,YES,Elevator,N Q R W,YES,40.7655213,-73.9803002
49 St,YES,Easement - Street,N R W,YES,40.7594831,-73.9848474
49 St,YES,Stair,N R W,YES,40.7594309,-73.9846966
49 St,YES,Easement - Street,N R W,YES,40.75903,-73.984412
49 St,YES,Stair,N R W,YES,40.7604794,-73.9839245
49 St,YES,Easement - Street,N R W,YES,40.760652,-73.9838835
49 St,YES,Stair,N R W,YES,40.7603322,-73.9835424
49 St,YES,Easement - Street,N R W,YES,40.7604752,-73.9834438
Times Sq-42 St/Port Authority Bus Terminal,YES,Stair,1 2 3 7 A C E N Q R W S,YES,40.7545181,-73.9871143
Times Sq-42 St/Port Authority Bus Terminal,YES,Stair,1 2 3 7 A C E N Q R W S,YES,40.7543279,-73.987068
Times Sq-42 St/Port Authority Bus Terminal,YES,Stair,1 2 3 7 A C E N Q R W S,YES,40.7541866,-73.9867191
Times Sq-42 St/Port Authority Bus Terminal,YES,Stair,1 2 3 7 A C E N Q R W S,YES,40.7543135,-73.9866372
14 St-Union Sq,YES,Stair,4 5 6 L N Q R W,YES,40.735276,-73.9910998
14 St-Union Sq,YES,Stair,4 5 6 L N Q R W,YES,40.7363092,-73.9906322
14 St-Union Sq,YES,Stair,4 5 6 L N Q R W,YES,40.7365493,-73.9904348
14 St-Union Sq,YES,Stair,4 5 6 L N Q R W,YES,40.735311,-73.990265
34 St-Herald Sq,YES,Stair,B D F M N Q R W,YES,40.7484603,-73.9883026
34 St-Herald Sq,YES,Stair,B D F M N Q R W,YES,40.7483074,-73.9880268
34 St-Herald Sq,YES,Stair,B D F M N Q R W,YES,40.7495823,-73.9876057
34 St-Herald Sq,YES,Stair,B D F M N Q R W,YES,40.7499328,-73.9875036
34 St-Herald Sq,YES,Stair,B D F M N Q R W,YES,40.7485524,-73.9885035
28 St,YES,Stair,R W,YES,40.745509,-73.989051
28 St,YES,Stair,R W,YES,40.7452802,-73.9889048
28 St,YES,Stair,R W,YES,40.7453112,-73.9885799
28 St,YES,Stair,R W,YES,40.7451276,-73.9885424
23 St,YES,Stair,R W,YES,40.741247,-73.9896749
23 St,NO,Stair,R W,YES,40.7407915,-73.989661
23 St,YES,Stair,R W,YES,40.7419224,-73.989431
23 St,YES,Stair,R W,YES,40.740643,-73.989217
23 St,YES,Stair,R W,YES,40.74108,-73.989083
23 St,YES,Stair,R W,YES,40.7415795,-73.9889941
23 St,YES,Stair,R W,YES,40.741142,-73.988956
23 St,YES,Stair,R W,YES,40.7413694,-73.9888623
8 St-NYU,YES,Stair,R W,YES,40.729778,-73.993262
8 St-NYU,YES,Stair,R W,YES,40.729692,-73.9930389
8 St-NYU,YES,Stair,R W,YES,40.7306565,-73.9927468
8 St-NYU,YES,Stair,R W,YES,40.7307797,-73.9926496
8 St-NYU,YES,Stair,R W,YES,40.7305944,-73.9925979
8 St-NYU,YES,Stair,R W,YES,40.7307252,-73.9925101
8 St-NYU,YES,Stair,R W,YES,40.7305076,-73.9923238
8 St-NYU,YES,Stair,R W,YES,40.7306012,-73.9922105
Prince St,YES,Stair,R W,YES,40.7242611,-73.9979364
Prince St,YES,Stair,R W,YES,40.7243543,-73.9978724
Prince St,YES,Stair,R W,YES,40.724124,-73.997686
Prince St,YES,Stair,R W,YES,40.7242283,-73.9976317
Chambers St/WTC/Park Place/Cortlandt St,YES,Easement - Passage,2 3 A C E R W,YES,40.7100644,-74.0115928
Chambers St/WTC/Park Place/Cortlandt St,YES,Easement - Passage,2 3 A C E R W,YES,40.711142,-74.0108202
Chambers St/WTC/Park Place/Cortlandt St,YES,Easement - Passage,2 3 A C E R W,YES,40.7112115,-74.0106761
Chambers St/WTC/Park Place/Cortlandt St,YES,Easement - Passage,2 3 A C E R W,YES,40.7110042,-74.0107888
14 St/8 Av,YES,Stair,A C E L,YES,40.739744,-74.0028317
14 St/8 Av,YES,Stair,A C E L,YES,40.7395548,-74.002379
14 St/6 Av,YES,Stair,1 2 3 L F M,YES,40.7372217,-73.9967281
14 St/6 Av,YES,Stair,1 2 3 L F M,YES,40.7371466,-73.9965569
14 St-Union Sq,YES,Stair,4 5 6 L N Q R W,YES,40.7348918,-73.9913166
14 St-Union Sq,YES,Stair,4 5 6 L N Q R W,YES,40.734755,-73.990991
3 Av,YES,Stair,L,YES,40.7331516,-73.9870664
3 Av,YES,Stair,L,YES,40.7332929,-73.9869546
3 Av,YES,Stair,L,YES,40.7329604,-73.9866278
3 Av,YES,Stair,L,YES,40.733112,-73.9865119
1 Av,YES,Stair,L,YES,40.7310897,-73.9826309
1 Av,YES,Stair,L,YES,40.7312094,-73.9825455
1 Av,YES,Stair,L,YES,40.7314941,-73.9821471
1 Av,YES,Stair,L,YES,40.7314051,-73.9821094
1 Av,YES,Stair,L,YES,40.7305731,-73.9805094
1 Av,YES,Stair,L,YES,40.7307014,-73.9807914
1 Av,YES,Stair,L,YES,40.7304478,-73.9806762
1 Av,YES,Stair,L,YES,40.7304066,-73.9805757
1 Av,YES,Elevator,L,YES,40.7306737,-73.9807198
1 Av,YES,Elevator,L,YES,40.7305247,-73.9808688
Chambers St/WTC/Park Place/Cortlandt St,YES,Stair,2 3 A C E R W,YES,40.7127066,-74.0077505
Fulton St,YES,Easement - Passage,2 3 4 5 A C J Z,YES,40.7089354,-74.0069749
Fulton St,YES,Easement - Street,2 3 4 5 A C J Z,YES,40.7085594,-74.0069342
Fulton St,YES,Easement - Street,2 3 4 5 A C J Z,YES,40.7091436,-74.0067881
Fulton St,YES,Stair,2 3 4 5 A C J Z,YES,40.7094436,-74.0063618
Fulton St,YES,Easement - Street,2 3 4 5 A C J Z,YES,40.7094601,-74.0060568
Fulton St,YES,Easement - Street,2 3 4 5 A C J Z,YES,40.7096858,-74.0062209
Fulton St,YES,Easement - Street,2 3 4 5 A C J Z,YES,40.7095225,-74.0065758
Fulton St,YES,Easement - Street,2 3 4 5 A C J Z,YES,40.7095561,-74.0065915
Fulton St,YES,Easement - Street,2 3 4 5 A C J Z,YES,40.7095987,-74.006677
Wall St,YES,Stair,2 3,YES,40.7063517,-74.0096437
Wall St,YES,Stair,2 3,YES,40.7065318,-74.0095742
Wall St,YES,Stair,2 3,YES,40.706277,-74.0094924
Wall St,YES,Stair,2 3,YES,40.7063799,-74.0093214
Wall St,YES,Easement - Passage,2 3,YES,40.7074605,-74.0087297
Wall St,YES,Easement - Street,2 3,YES,40.706645,-74.0086351
Wall St,YES,Easement - Passage,2 3,YES,40.706586,-74.0087004
Wall St,YES,Easement - Street,2 3,YES,40.7080774,-74.0097526
155 St,YES,Easement - Street,B D,YES,40.830313,-73.936687
Grand Central-42 St,YES,Easement - Street,4 5 6 7 S,YES,40.7508941,-73.9751175
42 St-Bryant Pk/5 Av,YES,Stair,7 B D F M,YES,40.7542646,-73.9831451
42 St-Bryant Pk/5 Av,YES,Stair,7 B D F M,YES,40.7542373,-73.9830705
42 St-Bryant Pk/5 Av,YES,Stair,7 B D F M,YES,40.7535726,-73.9814889
34 St-Hudson Yards,YES,Elevator,7,YES,40.754904,-74.001323
34 St-Hudson Yards,YES,Stair/Escalator,7,YES,40.7549612,-74.0009265
34 St - Hudson Yards,YES,Stair/Escalator,7,YES,40.755766,-74.0002359
Delancey St-Essex St,YES,Stair,F M J Z,YES,40.7185586,-73.9876473
Delancey St-Essex St,YES,Stair,F M J Z,YES,40.7184166,-73.987177
Bowery,YES,Stair,J Z,YES,40.7199997,-73.9935462
Bowery,YES,Stair,J Z,YES,40.7203022,-73.9934097
Canal St,YES,Easement - Street,6 J Z N Q R W,YES,40.7178377,-74.0002765
Brooklyn Bridge-City Hall/Chambers St,YES,Easement - Street,4 5 6 J Z,YES,40.712699,-74.004099
Brooklyn Bridge-City Hall/Chambers St,YES,Stair,4 5 6 J Z,YES,40.714199,-74.003187
Fulton St,YES,Stair,2 3 4 5 A C J Z,YES,40.7095377,-74.0083397
Fulton St,YES,Easement - Street,2 3 4 5 A C J Z,YES,40.709378,-74.0082969
Fulton St,YES,Easement - Street,2 3 4 5 A C J Z,YES,40.7100924,-74.0079747
Fulton St,YES,Stair,2 3 4 5 A C J Z,YES,40.710391,-74.0079182
Fulton St,YES,Easement - Street,2 3 4 5 A C J Z,YES,40.7100832,-74.0076066
Fulton St,YES,Stair,2 3 4 5 A C J Z,YES,40.710219,-74.0075959
Fulton St,YES,Easement - Street,2 3 4 5 A C J Z,YES,40.7101628,-74.0074258
Fulton St,YES,Easement - Passage,2 3 4 5 A C J Z,YES,40.7093032,-74.0083124
Broad St,NO,Stair,J Z,YES,40.705747,-74.011554
Broad St,NO,Stair,J Z,YES,40.706001,-74.011497
Broad St,NO,Stair,J Z,YES,40.706439,-74.011263
Broad St,YES,Stair,J Z,YES,40.7059737,-74.0112223
Broad St,YES,Stair,J Z,YES,40.7061973,-74.0110885
Broad St,YES,Stair,J Z,YES,40.706887,-74.010687
Broad St,YES,Stair,J Z,YES,40.706911,-74.010494
Broad St,YES,Easement - Street,J Z,YES,40.7080774,-74.0097526
Broad St,YES,Easement - Passage,J Z,YES,40.708035,-74.010665
Harlem-148 St,YES,Station House,3,YES,40.8240843,-73.936986
145 St,YES,Stair,3,YES,40.820343,-73.936508
145 St,YES,Stair,3,YES,40.8206788,-73.936268
145 St,NO,Stair,3,YES,40.820161,-73.936253
145 St,NO,Stair,3,YES,40.820602,-73.935933
135 St,YES,Stair,2 3,YES,40.8140321,-73.9411204
135 St,YES,Stair,2 3,YES,40.814316,-73.94091
135 St,YES,Stair,2 3,YES,40.8139129,-73.9408289
135 St,YES,Stair,2 3,YES,40.8142863,-73.94056
135 St,YES,Elevator,2 3,YES,40.8139935,-73.9411593
135 St,YES,Elevator,2 3,YES,40.8141678,-73.9406402
125 St,YES,Stair,2 3,YES,40.8076973,-73.9457523
125 St,YES,Stair,2 3,YES,40.8079975,-73.94553
125 St,YES,Stair,2 3,YES,40.8075694,-73.9454604
125 St,YES,Stair,2 3,YES,40.8078903,-73.9452282
116 St,YES,Stair,2 3,YES,40.801945,-73.949943
116 St,YES,Stair,2 3,YES,40.8022341,-73.9497353
116 St,YES,Stair,2 3,YES,40.8018347,-73.9496507
116 St,YES,Stair,2 3,YES,40.8021201,-73.9494404
Central Park North (110 St),YES,Stair,2 3,YES,40.7985092,-73.9526653
Central Park North (110 St),YES,Stair,2 3,YES,40.7990355,-73.952064
125 St,YES,Stair,4 5 6,YES,40.8042618,-73.9376559
125 St,YES,Stair,4 5 6,YES,40.8041772,-73.9374408
125 St,YES,Stair,4 5 6,YES,40.8046136,-73.9374016
125 St,YES,Elevator,4 5 6,YES,40.8044243,-73.9372301
125 St,YES,Stair,4 5 6,YES,40.8045377,-73.9371809
116 St,YES,Stair,6,YES,40.7984748,-73.9418872
116 St,YES,Stair,6,YES,40.798417,-73.9416508
116 St,YES,Stair,6,YES,40.7988534,-73.9416082
116 St,YES,Stair,6,YES,40.7987512,-73.9414039
110 St,YES,Stair,6,YES,40.7948147,-73.9446136
110 St,YES,Stair,6,YES,40.7949376,-73.9445008
110 St,YES,Stair,6,YES,40.794699,-73.9443307
110 St,YES,Stair,6,YES,40.7948241,-73.9442436
103 St,YES,Stair,6,YES,40.7902953,-73.9478574
103 St,YES,Stair,6,YES,40.7902061,-73.9476498
96 St,YES,Stair,6,YES,40.7858743,-73.9512769
96 St,YES,Stair,6,YES,40.786073,-73.9510616
96 St,YES,Stair,6,YES,40.7856482,-73.950932
96 St,YES,Stair,6,YES,40.7859144,-73.9506924
86 St,YES,Stair,4 5 6,YES,40.7795043,-73.9559174
86 St,YES,Easement - Street,4 5 6,YES,40.779753,-73.9557985
86 St,YES,Stair,4 5 6,YES,40.7794474,-73.9557947
86 St,YES,Easement - Street,4 5 6,YES,40.7797358,-73.9555878
86 St,YES,Stair,4 5 6,YES,40.7793464,-73.9555549
86 St,YES,Stair,4 5 6,YES,40.7792892,-73.9554214
86 St,YES,Easement - Street,4 5 6,YES,40.7796814,-73.9553101
86 St,YES,Stair,4 5 6,YES,40.7794665,-73.9552146
86 Street,YES,Elevator,4 5 6,YES,40.7795098,-73.9553242
77 St,YES,Stair,6,YES,40.77371,-73.9602094
77 St,YES,Stair,6,YES,40.7738339,-73.9601428
77 St,YES,Stair,6,YES,40.7736406,-73.9600418
77 St,YES,Stair,6,YES,40.7737663,-73.9599436
77 St,YES,Stair,6,YES,40.7735331,-73.9597876
77 St,YES,Stair,6,YES,40.7736662,-73.9596955
77 St,YES,Stair,6,YES,40.7734786,-73.959652
77 St,YES,Stair,6,YES,40.7736059,-73.9595618
68 St-Hunter College,YES,Easement - Street,6,YES,40.7678158,-73.9643754
68 St-Hunter College,YES,Easement - Passage,6,YES,40.76794,-73.96429
68 St-Hunter College,YES,Stair,6,YES,40.7679892,-73.9641725
68 St-Hunter College,YES,Easement - Street,6,YES,40.7676379,-73.9639659
68 St-Hunter College,YES,Stair,6,YES,40.767882,-73.9639184
68 St-Hunter College,YES,Easement - Street,6,YES,40.7680987,-73.96375124
Lexington Av/59 St,YES,Easement - Street,4 5 6 N R W,YES,40.7622955,-73.9685447
Lexington Av/59 St,YES,Stair,4 5 6 N R W,YES,40.7624269,-73.9683854
Lexington Av/59 St,YES,Easement - Street,4 5 6 N R W,YES,40.7620725,-73.9680276
Lexington Av/59 St,YES,Stair,4 5 6 N R W,YES,40.7628443,-73.9679602
Lexington Av/59 St,YES,Stair,4 5 6 N R W,YES,40.762986,-73.96785
Lexington Av/59 St,YES,Stair,4 5 6 N R W,YES,40.7628574,-73.967572
Lexington Av/59 St,YES,Easement - Street,4 5 6 N R W,YES,40.7626138,-73.9673808
Lexington Av/59 St,YES,Easement - Passage,4 5 6 N R W,YES,40.7626591,-73.9675803
Lexington Av/51-53 Sts,YES,Easement - Street,6 E M,YES,40.7567229,-73.972565
Lexington Av/51-53 Sts,YES,Stair,6 E M,YES,40.75719,-73.972241
Lexington Av/51-53 Sts,YES,Stair,6 E M,YES,40.7573205,-73.9721689
Lexington Av/51-53 Sts,YES,Stair,6 E M,YES,40.7571466,-73.9721359
Lexington Av/51-53 Sts,YES,Stair,6 E M,YES,40.7573075,-73.9719443
Lexington Av/51-53 Sts,YES,Stair,6 E M,YES,40.7570081,-73.9718206
Lexington Av/51-53 Sts,YES,Stair,6 E M,YES,40.7571387,-73.9717335
Lexington Av/51-53 Sts,YES,Stair,6 E M,YES,40.7569558,-73.9716892
Lexington Av/51-53 Sts,YES,Stair,6 E M,YES,40.7570533,-73.971523
Lexington Av/51-53 Sts,YES,Easement - Passage,6 E M,YES,40.7568024,-73.9724813
Lexington Av/51-53 Sts,YES,Easement - Passage,6 E M,YES,40.756711,-73.972445
Grand Central-42 St,YES,Easement - Street,4 5 6 7 S,YES,40.751653,-73.977753
Grand Central-42 St,YES,Easement - Street,4 5 6 7 S,YES,40.7517166,-73.9777087
Grand Central-42 St,YES,Easement - Passage,4 5 6 7 S,YES,40.7516684,-73.977068
Grand Central-42 St,YES,Easement - Passage,4 5 6 7 S,YES,40.7512862,-73.9765449
Grand Central-42 St,YES,Easement - Street,4 5 6 7 S,YES,40.7517049,-73.9760214
Grand Central-42 St,YES,Easement - Street,4 5 6 7 S,YES,40.7513391,-73.975424
Grand Central-42 St,YES,Easement - Passage,4 5 6 7 S,YES,40.7518876,-73.9752306
Grand Central-42 St,YES,Stair,4 5 6 7 S,YES,40.7512898,-73.9759395
Grand Central-42 St,YES,Stair,4 5 6 7 S,YES,40.7512246,-73.9757784
Grand Central-42 St,YES,Easement - Passage,4 5 6 7 S,YES,40.7520484,-73.9768899
Grand Central-42 St,YES,Easement - Passage,4 5 6 7 S,YES,40.7521266,-73.9771513
Grand Central-42 St,YES,Easement - Passage,4 5 6 7 S,YES,40.7521005,-73.976152
Grand Central-42 St,YES,Easement - Passage,4 5 6 7 S,YES,40.7516405,-73.9772034
33 St,YES,Stair,6,YES,40.7458701,-73.9826382
33 St,YES,Stair,6,YES,40.7457096,-73.982544
33 St,YES,Stair,6,YES,40.7455956,-73.9822425
33 St,YES,Stair,6,YES,40.7465019,-73.9822146
33 St,YES,Stair,6,YES,40.7456432,-73.982089
33 St,YES,Stair,6,YES,40.7466574,-73.9818752
33 St,YES,Stair,6,YES,40.746256,-73.9816418
33 St,YES,Stair,6,YES,40.7465891,-73.9815176
33 St,YES,Stair,6,YES,40.7462031,-73.9815063
28 St,YES,Easement - Street,6,YES,40.7433326,-73.9843798
28 St,YES,Easement - Street,6,YES,40.7435435,-73.9843465
28 St,YES,Stair,6,YES,40.7432107,-73.9839527
28 St,YES,Stair,6,YES,40.7433134,-73.9838806
28 St,YES,Stair,6,YES,40.743153,-73.9838174
28 St,YES,Stair,6,YES,40.743257,-73.983738
28 St,YES,Easement - Passage,6,YES,40.7425051,-73.9851163
28 St,YES,Easement - Passage,6,YES,40.7425871,-73.985057
23 St,YES,Easement - Street,6,YES,40.739497,-73.9871065
23 St,YES,Stair,6,YES,40.7397029,-73.9870722
23 St,YES,Stair,6,YES,40.7402572,-73.9867682
23 St,YES,Stair,6,YES,40.7400353,-73.9866692
23 St,YES,Easement - Street,6,YES,40.7404209,-73.9865423
23 St,YES,Stair,6,YES,40.7394821,-73.9865417
23 St,YES,Stair,6,YES,40.7399784,-73.9863362
23 St,YES,Stair,6,YES,40.7399737,-73.9861913
23 St,YES,Stair,6,YES,40.7401236,-73.9859708
23 St,YES,Elevator,6,YES,40.7401896,-73.9860916
23 St,YES,Elevator,6,YES,40.7403755,-73.986545
23 St,YES,Stair,6,YES,40.7393572,-73.9867884
23 St,YES,Easement - Passage,6,YES,40.740447,-73.9864514
14 St-Union Sq,YES,Stair,4 5 6 L N Q R W,YES,40.7345416,-73.9903207
14 St-Union Sq,YES,Stair,4 5 6 L N Q R W,YES,40.7344735,-73.9901619
14 St-Union Sq,YES,Easement - Street,4 5 6 L N Q R W,YES,40.7351896,-73.9897744
14 St-Union Sq,YES,Stair,4 5 6 L N Q R W,YES,40.7342562,-73.9896953
14 St-Union Sq,YES,Stair,4 5 6 L N Q R W,YES,40.7342034,-73.9895337
14 St-Union Sq,YES,Easement - Street,4 5 6 L N Q R W,YES,40.7344166,-73.9894647
Astor Pl,YES,Stair,6,YES,40.7300186,-73.9914524
Astor Pl,YES,Stair,6,YES,40.7301227,-73.990823
Broadway-Lafayette St/Bleecker St,YES,Stair,6 B D F M,YES,40.7249151,-73.9952877
Broadway-Lafayette St/Bleecker St,YES,Easement - Street,6 B D F M,YES,40.725195,-73.9948982
Broadway-Lafayette St/Bleecker St,YES,Stair,6 B D F M,YES,40.7259506,-73.9948122
Broadway-Lafayette St/Bleecker St,YES,Stair,6 B D F M,YES,40.726046,-73.9947451
Broadway-Lafayette St/Bleecker St,YES,Stair,6 B D F M,YES,40.7257192,-73.9945921
Broadway-Lafayette St/Bleecker St,YES,Stair,6 B D F M,YES,40.7257567,-73.9943374
Broadway-Lafayette St/Bleecker St,YES,Stair,6 B D F M,YES,40.7258499,-73.9942979
Spring St,YES,Stair,6,YES,40.722408,-73.9974768
Spring St,YES,Stair,6,YES,40.7224774,-73.9974188
Spring St,YES,Easement - Street,6,YES,40.7221032,-73.9968123
Spring St,YES,Stair,6,YES,40.7222255,-73.9967904
Canal St,YES,Stair,6 J Z N Q R W,YES,40.7185261,-74.0008493
Canal St,YES,Stair,6 J Z N Q R W,YES,40.7186913,-74.0007097
Canal St,YES,Elevator,6 J Z N Q R W,YES,40.7186253,-74.0006026
Canal St,YES,Stair,6 J Z N Q R W,YES,40.718197,-74.000388
Canal St,YES,Stair,6 J Z N Q R W,YES,40.7181392,-74.0003139
Canal St,YES,Stair,6 J Z N Q R W,YES,40.7183418,-74.00023
Canal St,YES,Elevator,6 J Z N Q R W,YES,40.7182795,-74.0001254
Brooklyn Bridge-City Hall/Chambers St,YES,Stair,4 5 6 J Z,YES,40.7118958,-74.0051917
Brooklyn Bridge-City Hall/Chambers St,YES,Stair,4 5 6 J Z,YES,40.7118104,-74.005035
Brooklyn Bridge-City Hall/Chambers St,YES,Stair,4 5 6 J Z,YES,40.7126808,-74.0050245
Brooklyn Bridge-City Hall/Chambers St,YES,Stair,4 5 6 J Z,YES,40.712882,-74.0047881
Brooklyn Bridge-City Hall/Chambers St,YES,Stair,4 5 6 J Z,YES,40.7123823,-74.0043668
Brooklyn Bridge-City Hall/Chambers St,YES,Stair,4 5 6 J Z,YES,40.713846,-74.0038595
Brooklyn Bridge-City Hall/Chambers St,YES,Stair,4 5 6 J Z,YES,40.7139166,-74.0036413
Brooklyn Bridge-City Hall/Chambers St,YES,Elevator,4 5 6 J Z,YES,40.7127938,-74.0049162
Fulton St,YES,Stair,2 3 4 5 A C J Z,YES,40.7111328,-74.0094053
Fulton St,YES,Easement - Street,2 3 4 5 A C J Z,YES,40.7109577,-74.0093805
Fulton St,YES,Stair,2 3 4 5 A C J Z,YES,40.7110324,-74.0091906
Fulton St,YES,Station House,2 3 4 5 A C J Z,YES,40.710165,-74.009182
Fulton St,YES,Stair,2 3 4 5 A C J Z,YES,40.7096991,-74.0099921
Fulton St,YES,Easement - Street,2 3 4 5 A C J Z,YES,40.7097799,-74.0102942
Fulton St,YES,Station House,2 3 4 5 A C J Z,YES,40.7104593,-74.0092735
Fulton St,YES,Station House,2 3 4 5 A C J Z,YES,40.7107493,-74.0090283
Fulton St,YES,Station House,2 3 4 5 A C J Z,YES,40.7107448,-74.0089504
Fulton St,YES,Station House,2 3 4 5 A C J Z,YES,40.71056,-74.0085957
Fulton St,YES,Easement - Street,2 3 4 5 A C J Z,YES,40.7103857,-74.0096861
Wall St,YES,Easement - Street,4 5,YES,40.7072875,-74.012239
Wall St,YES,Easement - Street,4 5,YES,40.7074302,-74.012129
Wall St,YES,Stair,4 5,YES,40.7072321,-74.0120005
Wall St,YES,Stair,4 5,YES,40.7076063,-74.0119486
Wall St,YES,Stair,4 5,YES,40.7076363,-74.0119246
Wall St,YES,Stair,4 5,YES,40.7075058,-74.0117912
Wall St,YES,Stair,4 5,YES,40.7075602,-74.0117429
Wall St,YES,Easement - Street,4 5,YES,40.7084833,-74.0112799
Wall St,YES,Easement - Passage,4 5,YES,40.708035,-74.010665
Wall St,YES,Easement - Street,4 5,YES,40.7080774,-74.0097526
Bowling Green,YES,Stair,4 5,YES,40.7048374,-74.0145964
Bowling Green,YES,Station House,4 5,YES,40.704157,-74.014509
Bowling Green,YES,Stair,4 5,YES,40.7048029,-74.0144281
Bowling Green,YES,Elevator,4 5,YES,40.7046839,-74.0139298
Bowling Green,YES,Stair/Escalator,4 5,YES,40.7046471,-74.0135005
Bowling Green,YES,Station House,4 5,YES,40.7040496,-74.0145537
Times Sq-42 St/Port Authority Bus Terminal,YES,Stair,1 2 3 7 A C E N Q R W S,YES,40.7561767,-73.9863927
Times Sq-42 St/Port Authority Bus Terminal,YES,Elevator,1 2 3 7 A C E N Q R W S,YES,40.7561022,-73.9864587
Grand Central-42 St,YES,Easement - Street,4 5 6 7 S,YES,40.752846,-73.979798
Grand Central-42 St,YES,Stair,4 5 6 7 S,YES,40.7530781,-73.9795699
Grand Central-42 St,YES,Easement - Street,4 5 6 7 S,YES,40.7521574,-73.9781845
Grand Central-42 St,YES,Easement - Street,4 5 6 7 S,YES,40.7522602,-73.9783584
Grand Central-42 St,YES,Easement - Street,4 5 6 7 S,YES,40.7530377,-73.978068
Grand Central-42 St,YES,Easement - Street,4 5 6 7 S,YES,40.753162,-73.9782205
Grand Central-42 St,YES,Easement - Street,4 5 6 7 S,YES,40.7527444,-73.9786948
Grand Central-42 St,YES,Easement - Passage,4 5 6 7 S,YES,40.752514,-73.977977
Lexington Av/51-53 Sts,YES,Easement - Street,6 E M,YES,40.757804,-73.971141
Lexington Av/51-53 Sts,YES,Easement - Street,6 E M,YES,40.757784,-73.971098
Lexington Av/51-53 Sts,YES,Easement - Street,6 E M,YES,40.75812,-73.970958
Lexington Av/51-53 Sts,YES,Easement - Street,6 E M,YES,40.758329,-73.970567
Lexington Av/51-53 Sts,YES,Easement - Street,6 E M,YES,40.7573651,-73.9694266
Lexington Av/51-53 Sts,YES,Easement - Street,6 E M,YES,40.7577948,-73.9691049
Lexington Av/51-53 Sts,YES,Easement - Street,6 E M,YES,40.7576771,-73.9690632
Lexington Av/51-53 Sts,YES,Stair,6 E M,YES,40.7578434,-73.9695265
Lexington Av/51-53 Sts,YES,Stair,6 E M,YES,40.7576468,-73.969628
5 Av/53 St,YES,Easement - Street,E M,YES,40.7606388,-73.9764862
5 Av/53 St,YES,Stair,E M,YES,40.7602156,-73.975496
5 Av/53 St,YES,Stair,E M,YES,40.7603321,-73.9754237
5 Av/53 St,YES,Stair,E M,YES,40.759559,-73.9739911
5 Av/53 St,YES,Easement - Street,E M,YES,40.7596258,-73.9737347
7 Av,YES,Stair,E B D,YES,40.7632069,-73.9826682
7 Av,YES,Stair,E B D,YES,40.7633428,-73.9825738
7 Av,YES,Stair,E B D,YES,40.7628075,-73.9817178
7 Av,YES,Stair,E B D,YES,40.7629497,-73.9816298
96 St,YES,Escalator,Q,YES,40.7830595,-73.9477571
96 St,YES,Easement - Street,Q,YES,40.7828049,-73.9483903
96 St,YES,Elevator,Q,YES,40.7839153,-73.9475601
96 St,YES,Stair/Escalator,Q,YES,40.7841841,-73.9474
86 St,YES,Easement - Street,Q,YES,40.776063,-73.9528518
86 St,YES,Escalator,Q,YES,40.7775983,-73.9508257
86 St,YES,Escalator,Q,YES,40.7778649,-73.9514473
86 St,YES,Elevator,Q,YES,40.7777238,-73.951593
72 St,YES,Stair/Escalator,Q,YES,40.7669623,-73.9595894
72 St,YES,Stair/Escalator,Q,YES,40.7672033,-73.9594195
72 St,YES,Easement - Street,Q,YES,40.7685671,-73.9583424
72 St,YES,Easement - Street,Q,YES,40.7691118,-73.9583566
